,,,,,,,,,,,,,,,,,,,,,,
ID,RELEASE,COUNTRY,QUANTITY,FRANCHISE,CONDITION,YEAR,Bar Code,RARITY,ADD. INFORMATION,,,,ID,RELEASE,COUNTRY,QUANTITY,FRANCHISE,CONDITION,YEAR,Bar Code,RARITY,ADD. INFORMATION
CD-0001,Hannah Montana Dlx CD + DVD,Argentina,1,Hannah Montana,"Used, VG",2006,,YES,First Hannah CD,,,,DVD-0001,Hannah Montana Detras del Proyector,Argentina,1,Hannah Montana,NEW,2007,,YES,First Hannah CD
CD-0002,Hannah Montana,Europe,1,Hannah Montana,NEW,2006,,,Part of boxset HM The Collection,,,,DVD-0002,Hannah Montana Estrella Pop,Argentina,1,Hannah Montana,VG,2007,,YES,Part of boxset HM The Collection
CD-0003,Hannah Montana Special Edition CD + DVD,USA,1,Hannah Montana,"Used, VG",2007,,,"Digipack damaged, CD DVD VG+",,,,DVD-0003,Hannah Montana Temporada 1 Completa,Argentina,2,Hannah Montana,VG+,2008,,,One copy missing 2 DVDs
CD-0004,Hannah Montana,Chile,1,Hannah Montana,"Used, VG",2007,,YES,Missing booklet,,,,DVD-0004,Hannah y Miley En Concierto: Lo Mejor d Ambos Mundos,Argentina,2,Hannah Montana,"F, VG",2009,,,One copy missing a DVDs
CD-0005,Hannah Montana 2,Canada,1,Hannah Montana,"Used, VG",2007,,,,,,,DVD-0005,Hannah Montana Temporada 2 Vol 1,Argentina,1,Hannah Montana,VG+,2009,,,
CD-0006,Hannah Montana 2,Europe,1,Hannah Montana,NEW,2007,,,"Part of boxset HM The Collection, includes AD",,,,DVD-0006,Hannah Montana Temporada 2 Vol 2,Argentina,1,Hannah Montana,VG+,2009,,,
CD-0007,Best of Both Words ,Europe,1,Hannah Montana,VG+,2007,,,,,,,DVD-0007,Hannah Montana Temporada 2 Vol 3,Argentina,2,Hannah Montana,"VG+, VG",2009,,,
CD-0008,Hannah Montana 2: Non Stop Dance Party,Argentina,1,Hannah Montana,VG+,2008,,,,,,,DVD-0008,Hannah Montana Temporada 2 Vol 4,Argentina,1,Hannah Montana,VG+,2009,,,
CD-0009,Best of Both Words Concert CD + DVD,USA,1,Hannah Montana,VG+,2008,,,,,,,DVD-0009,Hannah Montana La Película,Argentina,1,Hannah Montana,Fair,2009,,,
CD-0010,Hannah Montana The Movie,Argentina,1,Hannah Montana,"Used, VG",2009,,,Missing back cover.,,,,DVD-0010,Disney Karaoke Series: Hannah Montana,Argentina,1,Hannah Montana,VG+,2009,,,
CD-0011,Hannah Montana 3,USA,1,Hannah Montana,VG+,2009,,,Missing front cover.,,,,DVD-0011,Hannah Montana Temporada 3 Vol 2,Europe,1,Hannah Montana,VG+,2010,,YES,
CD-0012,Hannah Montana 3,Europe,1,Hannah Montana,NEW,2009,,,,,,,DVD-0012,Hannah Montana Temporada 3 Vol 3,Argentina,1,Hannah Montana,VG+,2010,,YES,
CD-0013,Hannah Montana The Collection,Europe,1,Hannah Montana,NEW,2009,,YES,,,,,DVD-0013,Hannah Montana Temporada 3 Vol 4,Argentina,1,Hannah Montana,VG+,2010,,YES,
CD-0014,Hannah Montana Forever,USA,1,Hannah Montana,VG+,2010,,,Includes AD,,,,DVD-0014,¿Quien es Hannah Montana?,Argentina,1,Hannah Montana,VG,2010,,YES,
CD-0015,The Cheetah Girls,USA,1,The Cheetah Girls,VG+,2003,,,,,,,DVD-0015,Hannah Montana Temporada Final,USA,1,Hannah Montana,NEW,2011,,,
CD-0016,The Cheetah Girls Cheetah Licious Christmas,USA,1,The Cheetah Girls,VG+,2005,,,Includes inside AD,,,,DVD-0016,The Cheetah Girls ,Argentina,1,The Cheetah Girls ,VG-F,2006,,YES,
CD-0017,The Cheetah Girls 2,Argentina,1,The Cheetah Girls,NEW,2006,,,,,,,DVD-0017,The Cheetah Girls 2,Argentina,1,The Cheetah Girls ,Fair,2007,,YES,
CD-0018,The Cheetah Girls 2,Chile,1,The Cheetah Girls,VG+,2006,,YES,Includes inside AD,,,,DVD-0018,The Cheetah Girls Un Mundo,Argentina,2,The Cheetah Girls ,VG+,2009,,,
CD-0019,The Party's Just Begun Tour CD + DVD,Argentina,1,The Cheetah Girls,VG+,2007,,YES,,,,,DVD-0019,The Cheetah Girls 3 Movie Collection,USA,1,The Cheetah Girls ,NEW,2019,,,
CD-0020,The Party's Just Begun Tour,Europe,1,The Cheetah Girls,VG+,2007,,YES,,,,,DVD-0020,That's So Raven,USA,,That's So Raven,VG+,2004,,,"Includes 1 AD, Inlay page"
CD-0021,The Cheetah Girls One World CDVU+,Canada,1,The Cheetah Girls,VG+,2008,,,,,,,DVD-0021,That's So Raven,USA,,That's So Raven,NEW,2005,,,
CD-0022,The Cheetah Girls Un Mundo,Argentina,1,The Cheetah Girls,NEW,2008,,,,,,,DVD-0022,That's So Raven,USA,,That's So Raven,NEW,2005,,,
CD-0023,High School Musical Special Edition,USA,1,High School Musical,NEW,2006,,,Includes inside AD,,,,DVD-0023,That's So Raven,USA,,That's So Raven,NEW,2006,,,
CD-0024,High School Musical Special Edition,Argentina,1,High School Musical,VG,2006,,YES,"Includes inside AD, Missing CD1",,,,DVD-0024,Kim Possible 4 Movie Set,USA,,Kim Possible,NEW,2019,,,
CD-0025,High School Musical 2,Argentina,1,High School Musical,FAIR,2007,Fair,,,,,,DVD-0025,The Suite Life,USA,,The Suite Life,VG,2007,,,
CD-0026,High School Musical 3,Argentina,1,High School Musical,VG+,2008,,,,,,,DVD-0026,High School Musical,Argentina,,High School Musical,VG+,2006,,,
CD-0027,That's so Raven Limited Ed. CD + DVD,Canada,1,That's so Raven,NEW,2003,,YES,Includes inside AD,,,,DVD-0027,High School Musical: Remix ,Argentina,,High School Musical,VG+,2007,,YES,
CD-0028,That's so Raven Too!,USA,1,That's so Raven ,VG+,2006,,,Includes inside AD,,,,DVD-0028,High School Musical 2,Argentina,,High School Musical,VG+,2007,,,Includes sleevecase
CD-0029,Lizzie McGuire,USA,1,Lizzie McGuire,VG,2002,,,Missing covers,,,,DVD-0029,High School Musical 3,Argentina,,High School Musical,VG+,2009,,,
CD-0030,Lizzie McGuire Estrella Pop,Argentina,1,Lizzie McGuire,VG,2003,,YES,,,,,DVD-0030,Sharpay's Fabulous Adventure,USA,,High School Musical,VG+,2011,,,BLU-RAY + DVD
CD-0031,Disney Karaoke Series: Lizzie McGuire,USA,1,Lizzie McGuire,VG,2003,,YES,Missing covers,,,,DVD-0031,Lizzie McGuire,USA,,Lizzie McGuire,NEW,2003,,,
CD-0032,Jump In!,Argentina,1,Jump In!,VG-F,2007,,,,,,,DVD-0032,Phil of The Future,USA,,Phil of The Future,VG+,2005,,,
CD-0033,Camp Rock Collector's Ed. CD + DVD,USA,1,Camp Rock,VG+,2008,,,,,,,DVD-0033,Camp Rock,Argentina,,Camp Rock,Fair,2008,,,
CD-0034,Los Hechiceros de Waverly Place,Argentina,1,Los Hechiceros de Waverly Place,VG,2009,,,,,,,DVD-0034,Camp Rock 2: The Final Jam,Argentina,,Camp Rock,VG,2010,,,One copy missing covers
CD-0035,Sonny With a Chance,USA,1,Sonny With a Chance,VG+,2010,,,,,,,DVD-0035,Jump In! Freestyle Ed.,USA,,Jump In!,VG,2007,,,Includes 1 AD
CD-0036,Disney Channel Hits Take 2 CD + DVD,USA,1,,VG+,2005,,YES,Includes inside AD,,,,DVD-0036,JONAS Con Los Pies en La Tierra Vol 1,Argentina,,JONAS,VG+,,,YES,
CD-0037,Disney Channel Christmas Hits,UK,1,,VG+,2007,,,,,,,DVD-0037,Programa de Protección Para Princesas,Argentina,,,VG+,2009,,YES,
CD-0038,Disney Jams CD + DVD,Argentina,1,,VG+,2009,,YES,,,,,DVD-0038,Cow Belles,USA,,,VG+,2006,,,Includes  Inlay page
CD-0039,Disney Channel Playlist,Argentina,1,,VG+,2009,,,,,,,DVD-0039,Halloweentown REISSUE,USA,,Halloweentown,Fair,2005,,,
CD-0040,La Fabulosa Aventura de Sharpay,Argentina,1,High School Musical,VG,2011,,,,,,,DVD-0040,Even Stevens Movie,USA,,Even Stevens,NEW,2005,,,
CD-0041,Supergirl,Germany,1,Hannah Montana,VG+,2009,,YES,Includes inside AD,,,,DVD-0041,Twitches,USA,,Twitches,VG+,,,,
CD-0042,,,,,,,,,,,,,DVD-0042,Phineas y Ferb,Argentina,,Phineas y Ferb,VG,,,YES,
CD-0043,,,,,,,,,,,,,DVD-0043,Phineas y Ferb,Argentina,,Phineas y Ferb,VG,,,YES,
,,,,,,,,,,,,,DVD-0044,Phineas y Ferb,Argentina,,Phineas y Ferb,VG,,,YES,
,,,,,,,,,,,,,DVD-0045,Disney Channel Holiday,USA,,Various,NEW,2005,,,"Includes 1 AD, Inlay page"
,,,,,,,,,,,,,DVD-0046,Es Tan Hannah Montana En Acción,Argentina,,Various,VG - F,2008,,YES,
,,,,,,,,,,,,,DVD-0047,That's so Suite Life of Hannah Montana,USA,,Various,NEW,2007,,,Includes Inlay page
,,,,,,,,,,,,,DVD-0048,Deseos Indeseados,Argentina,,Various,NEW,2009,,YES,
,,,,,,,,,,,,,DVD-0049,Zack y Cody Gemelos en Acción Al Mando del Tipton,Argentina,,The Suite Life,VG,2008,,SCARCE,Blockbuster Barcode from 2012
,,,,,,,,,,,,,DVD-0050,,,,,,,,,
,,,,,,,,,,,,,DVD-0051,,,,,,,,,
,,,,,,,,,,,,,DVD-0052,,,,,,,,,
,,,,,,,,,,,,,DVD-0053,,,,,,,,,
,,,,,,,,,,,,,DVD-0054,,,,,,,,,
,,,,,,,,,,,,,DVD-0055,,,,,,,,,
,,,,,,,,,,,,,DVD-0056,,,,,,,,,
,,,,,,,,,,,,,DVD-0057,,,,,,,,,
,,,,,,,,,,,,,DVD-0058,,,,,,,,,
,,,,,,,,,,,,,DVD-0059,,,,,,,,,
,,,,,,,,,,,,,DVD-0060,,,,,,,,,
,,,,,,,,,,,,,DVD-0061,,,,,,,,,
